Date,Tournament ,Time Controls,Round,# of Rounds,
2024-01-01,Closed - New Year,,,,
2024-01-08,MCC Junior Tournament #12,25 min + 5 sec,1,6,
2024-01-15,MCC Junior Tournament #12,,2, ,
2024-01-22,MCC Junior Tournament #12,,3, ,
2024-01-29,MCC Junior Tournament #12,,4, ,
2024-02-05,MCC Junior Tournament #12,,5, ,
2024-02-12,MCC Junior Tournament #12, ,6, ,
2024-02-19,Closed  - Family Day,,,,
2024-02-26,MCC February Blitz ,3 min + 2 sec,1 to 3,6,
2024-03-04,MCC February Blitz , ,4 to 6, ,
2024-03-11,Closed - March Break,, , , 
2024-03-18,MCC Junior Tournament #13,25 min + 5 sec,1,6,
2024-03-25,MCC Junior Tournament #13,,2, ,
2024-04-01,Closed - Easter,, , ,
2024-04-08,MCC Junior Tournament #13,,3, ,
2024-04-15,MCC Junior Tournament #13,,4, ,
2024-04-22,MCC Junior Tournament #13,,5, ,
2024-04-29,MCC Junior Tournament #13,,6, ,
2024-05-06,MCC Junior Tournament #14,25 min + 5 sec,1,6,
2024-05-13,MCC Junior Tournament #14,,2, ,
2024-05-20,Closed -  Victoria Day,,,,
2024-05-27,MCC Junior Tournament #14,,3, ,
2024-06-03,MCC Junior Tournament #14, ,4,,
2024-06-10,MCC Junior Tournament #14,,5, ,
2024-06-17,MCC Junior Tournament #14,,6, ,
2024-06-24, MCC Junior Tournament #15,25 min + 5 sec,1,6,
2024-07-01,Closed -  Canada Day,,,,
2024-07-08, MCC Junior Tournament #15, ,2, ,
2024-07-15, MCC Junior Tournament #15, ,3,,
2024-07-22, MCC Junior Tournament #15, ,4,, 
2024-07-29, MCC Junior Tournament #15,,5,,
2024-08-05,Closed -  Civic Holiday,,,,
2024-08-12, MCC Junior Tournament #15, ,6, ,
2024-08-19,"MCC Monday Junior Championship (U8, U10, U12, Open)",25 min + 5 sec,1,6,
2024-08-26,"MCC Monday Junior Championship (U8, U10, U12, Open)",,2, ,
2024-09-02,Closed - Labour Day,,, ,
2024-09-09,"MCC Monday Junior Championship (U8, U10, U12, Open)",,3, ,
2024-09-16,"MCC Monday Junior Championship (U8, U10, U12, Open)",,4, ,
2024-09-23,"MCC Monday Junior Championship (U8, U10, U12, Open)",,5, ,
2024-09-30,"MCC Monday Junior Championship (U8, U10, U12, Open)",,6, ,
2024-10-07,MCC Junior Tournament #16,25 min + 5 sec,1,6,
2024-10-14,Closed - Thanksgiving Day,,,, 
2024-10-21,MCC Junior Tournament #16,,2, , 
2024-10-28,MCC Junior Tournament #16,,3, ,
2024-11-04,MCC Junior Tournament #16,,4, ,
2024-11-11,Closed - Remembrance Day,, , ,
2024-11-18,MCC Junior Tournament #16,,5, ,
2024-11-25,MCC Junior Tournament #16,,6, ,
2024-12-02,Christmas party & Simuls,,,,
2024-12-09,Closed - Christmas,,,,
2024-12-16,Closed - Christmas,,,,
2024-12-23,Closed - Christmas,,,,
2024-12-30,Closed - Christmas,,,,
